программа передач;программа передач
ваз тв программа передач сегодня;программа передач
программа передач сегодня;программа передач
программа передач сегодня;программа передач
программа передач сегодня;программа передач
программа передач сегодня;программа передач
беларусь программа передач завтра;программа передач
программа передач;программа передач
программа передач сегодня;программа передач
программа передач;программа передач
программа передач сегодня;программа передач
программа передач;программа передач
программа передач сегодня;программа передач
программа передач;программа передач
программа передач;программа передач
иллюзион программа передач;программа передач
программа передач сегодня;программа передач
программа передач сегодня;программа передач
сетанта спорт плюс программа передач;программа передач
программа передач сегодня красноярск нст;программа передач
программа передач матч сегодня;программа передач
телеканал киносвидание программа передач сегодня неделю;программа передач
программа передач сегодня;программа передач
канал че программа передач сегодня;программа передач
программа передач вчера;программа передач
культура программа передач;программа передач
программа передач сегодня;программа передач
программа передач сегодня;программа передач
дом кино программа передач;программа передач
программа передач;программа передач
программа передач сегодня;программа передач
программа передач сегодня;программа передач
программа передач сегодня;программа передач
программа передач;программа передач
программа передач тнтна сегодня;программа передач
программа передач матч тв;программа передач
программа передач сегодня;программа передач
программа передач сегодня каналы;программа передач
программа передач канал февраля;программа передач
канал программа передач сегодня;программа передач
канал наш кинороман программа передач сегодня;программа передач
программа передач сегодня;программа передач
программа передач сегодня;программа передач
канал время программа передач;программа передач
программа передач сегодня домашний;программа передач
программа передач;программа передач
программа передач;программа передач
че канал программа передач сегодня;программа передач
программа передач;программа передач
программа передач сегодня нтв;программа передач
программа передач мир;программа передач
программа передач сегодня;программа передач
программа передач сегодня дом кино;программа передач
amc программа передач сегодня;программа передач
отв программа передач сегодня неделю канале;программа передач
программа передач неделю канал;программа передач
программа передач сегодня;программа передач
программа передач;программа передач
программа передач канале марта;программа передач
канал русский бестселлер программа передач сегодня;программа передач
дом кино программа передач;программа передач
программа передач сегодня;программа передач
программа передач;программа передач
программа передач сегодня барнаул каналы весь день;программа передач
программа передач сегодня;программа передач
программа передач;программа передач
программа передач матч тв неделю;программа передач
программа передач сегодня;программа передач
канал игра программа передач сегодня;программа передач
программа передач тнт;программа передач
нтв программа передач;программа передач
программа передач сегодня каналы;программа передач
программа передач;программа передач
нст программа передач;программа передач
программа передач;программа передач
праграмма спас программа передач марта;программа передач
программа передач сегодня;программа передач
х2 программа передач;программа передач
программа передач сегодня;программа передач
программа передач;программа передач
программа передач;программа передач
программа передач;программа передач
программа передач канала матч игра неделю;программа передач
программа передач;программа передач
программа передач;программа передач
программа передач сегодня стс;программа передач
программа передач тнт;программа передач
кино тв программа передач;программа передач
программа передач сегодня каналы;программа передач
программа передач сегодня;программа передач
программа передач матч тв арена;программа передач
программа передач;программа передач
тнт программа передач сегодня;программа передач
программа передач сегодня;программа передач
программа передач сегодня;программа передач
программа передач сегодня;программа передач
программа передач сегодня каналы;программа передач
твц программа передач;программа передач
программа передач сегодня русский роман русский детектив;программа передач
программа передачь телеканал усадьба неделю;программа передач
программа передач сегодня;программа передач
программа передач сегодня;программа передач
программа передач завтра;программа передач
программа передач каналы;программа передач
программа передач сегодня;программа передач
карусель программа передач сегодня спб;программа передач
программа передач сегодня каналы;программа передач
остросюжетное hd программа передач;программа передач
канал спас программа передач сегодня;программа передач
программа передач сегодня;программа передач
программа передач;программа передач
программа передач минск tv;программа передач
программа передач сегодня каналы;программа передач
программа передач сегодня;программа передач
программа передач триколор тв;программа передач
программа передач сегодня;программа передач
программа передач нтв мая;программа передач
программа передач;программа передач
канал русский детектив программа передач сегодня;программа передач
программа передач сегодня;программа передач
программа передач нтв марта;программа передач
программа передач февраля;программа передач
программа передач сегодня;программа передач
канал русский детектив программа передач;программа передач
программа передач сегодня каналы;программа передач
программа передач сегодня;программа передач
программа передач сегодня канал;программа передач
программа передач;программа передач
программа передач;программа передач
программа передач сегодня;программа передач
программа передач россия;программа передач
программа передач сегодня барнаул тнт;программа передач
программа передач тнт неделю калуга;программа передач
программа передач;программа передач
программа передач сегодня канал история;программа передач
программа передач сегодня матч тв;программа передач
программа передач сегодня;программа передач
программа передач;программа передач
канал осетия иристон программа передач сегодня;программа передач
телепрограммы программа передач телеканала неделю российский желательно;программа передач
программа передач сегодня канал дисней;программа передач
программа передач сегодня;программа передач
кубань программа передач;программа передач
канал пятница программа передач;программа передач
meleкал ю программа передач;программа передач
программа передач марта года;программа передач
программа передач сегодня;программа передач
программа передач сегодня;программа передач
программа передач сегодня карусель спб;программа передач
программа передач тв3 сегодня;программа передач
программа передач сегодня;программа передач
телеканал родное кино программа передач сегодня неделю;программа передач
программа передач;программа передач
программа передач сегодня;программа передач
программа передач сегодня ярославль каналы;программа передач
канал звезда программа передач сегодня;программа передач
программа передач сегодня;программа передач
программа передач сегодня;программа передач
орт программа передач;программа передач
стс программа передач;программа передач
программа передач неделю матч тв;программа передач
программа передач сегодня челябинск;программа передач
программа передач сегодня;программа передач
программа передач русский роман;программа передач
матч тв программа передач;программа передач
программа передач сегодня;программа передач
программа передач сегодня каналы ярославль;программа передач
программа передач сегодня нтв;программа передач
тк русский роман программа передач сегодня;программа передач
программа передач марта;программа передач
телепрограмма передач;программа передач
программа передач сегодня каналы;программа передач
программа передач синема;программа передач
программа передач sony channel;программа передач
программа передач сегодня тв экшен;программа передач
программа передач;программа передач
программа передач;программа передач
топ программа передач;программа передач
канал спас программа передач;программа передач
программа передач;программа передач
программа передач сегодня калининград;программа передач
программа передач сегодня канал;программа передач
программа передач сегодня русский роман;программа передач
программа передач сегодня домашний;программа передач
яндекс программа передач;программа передач
программа передач;программа передач
программа передач сегодня уфе;программа передач
тв век программа передач сегодня;программа передач
программа передач сегодня дом кино санкт - петербург;программа передач
матч тв программа передач сегодня;программа передач
программа передач сегодня сахалине;программа передач
канал спас программа передач сегодня;программа передач
канал хорошее кино программа передач сегодня;программа передач
нтв программа передач;программа передач
программа передач тв3;программа передач
программа передач кино тв;программа передач
программа передач телеканал культура;программа передач
программа передач сегодня;программа передач
нст программа передач сегодня;программа передач
программа передач сегодня;программа передач
программа передач сегодня;программа передач
программа передач;программа передач
тв программа передач сегодня;программа передач
программа передач сегодня;программа передач
программа передач сегодня;программа передач
твц программа передач сегодня;программа передач
программа передач сегодня;программа передач
программа передач;программа передач
стс программа передач сегодня;программа передач
программа передач марта каналы;программа передач
программа передач;программа передач
программа передач сегодня;программа передач
программа передач;программа передач
дом кино программа передач сегодня;программа передач
программа передач сегодня;программа передач
программа передач сегодня;программа передач
программа передач сегодня чита;программа передач
программа передач нтв сегодня;программа передач
программа передач сегодня;программа передач
программа передач понедельник каналы;программа передач
программа передач сегодня мачт тв;программа передач
программа передач сегодня каналы;программа передач
радио звезда программа передач сегодня;программа передач
программа передач русский роман канал сегодня завтра;программа передач
программа передач сегодня русский роман;программа передач
канал матч тв игра программа передач;программа передач
программа передач марта года;программа передач
программа передач;программа передач
программа передач;программа передач
бст программа передач сегодня;программа передач
программа передач карусель;программа передач
программа передач сегодня;программа передач
программа передач телевидения;программа передач
программа передач сегодня самара;программа передач
программа передач че;программа передач
гостях сказки программа передач;программа передач
программа передач тв1000 сегодня;программа передач
программа передач сегодня;программа передач
программа передач;программа передач
ртвиай программа передач сегодня;программа передач
телеканал звезда программа передач сегодня;программа передач
программа передач сегодня;программа передач
программа передач бст;программа передач
tv1000 программа передач сегодня;программа передач
программа передач украинские каналы;программа передач
программа передач домашнем сегодня;программа передач
стс программа передач сегодня;программа передач
программа передач сегодня канал;программа передач
программа передач сегодня;программа передач
программа передач русский роман;программа передач
программа передач сегодня омск;программа передач
программа передач;программа передач
первый hd программа передач;программа передач
тв домашний программа передач сегодня неделю канале;программа передач
программа передач сегодня русский роман;программа передач
программа передач сегодня;программа передач
программа передач;программа передач
программа передач сегодня рен тв;программа передач
программа передач неделю каналы;программа передач
тв звезда программа передач сегодня новосибирск;программа передач
стс программа передач сегодня;программа передач
программа передач сегодня канал;программа передач
нтв плюс программа передач сегодня;программа передач
программа передач сегодня;программа передач
программа передач канала домашний;программа передач
программа передач;программа передач
программа передач сегодня;программа передач
программа передач сегодня;программа передач
т / звезда программа передач сегодня;программа передач
tv1000 программа передач;программа передач
дискавери программа передач;программа передач
программа передач сегодня;программа передач
программа передач канал;программа передач
евроспорт программа передач сегодня неделю канале;программа передач
программа передач ру тв;программа передач
программа передач сегодня;программа передач
программа передач уфа;программа передач
программа передач сегодня;программа передач
программа передач россия сегодня;программа передач
орел решка программа передач сегодня;программа передач
программа передач сегодня омск канал;программа передач
программа передач кхл нд сегодня;программа передач
программа передач тв русское;программа передач
программа передач сегодня русский роман;программа передач
тлс программа передач сегодня;программа передач
программа передач сегодня;программа передач
программа передач канала загородная жизнь сегодня;программа передач
о2тв программа передач;программа передач
программа передач беларусь;программа передач
программа передач марта;программа передач
рентв канал программа передач сегодня;программа передач
программа передач сегодня твц;программа передач
первый канал программа передач;программа передач
программа передач сегодня каналы москва сегодня весь;программа передач
программа передач сегодня стс омск;программа передач
программа передач сегодня;программа передач
программа передач сегодня;программа передач
программа передач сегодня оружие;программа передач
программа передач;программа передач
программа передач сегодня;программа передач
программа передач сегодня;программа передач
программа передач сегодня;программа передач
программа передач сегодня омск;программа передач
программа передачи фото телефона компьютер вай фай;программа передач
программа передач;программа передач
программа передач;программа передач
программа передач;программа передач
программа передач сегодня;программа передач
тв программа передач сегодня;программа передач
канал программа передач сегодня;программа передач
программа передач майл ./ ру;программа передач
программа передач сегодня;программа передач
программа передач сегодня каналы;программа передач
телеканал ташкент программа передач;программа передач
программа передач сегодня;программа передач
матч тв программа передач;программа передач
программа передач россия;программа передач
канал xxi программа передач вчера;программа передач
программа передач сегодня;программа передач
программа передач завтра че;программа передач
яндекс программа передач сегодня;программа передач
программа передач сегодня;программа передач
программа передач беларусь;программа передач
программа передач украина торецк дзержинск трк сколько начало программы;программа передач
канал стс программа передач сегодня;программа передач
программа передач сегодня канал сегодня;программа передач
программа передач сегодня;программа передач
программа передач хабаровск;программа передач
программа передач сегодня;программа передач
программа передач матч тв;программа передач
программа передач сегодня;программа передач
программа передач канал доверие;программа передач
программа передач сегодня;программа передач
программа передач сегодня;программа передач
программа передач сегодня;программа передач
программа передач сегодня;программа передач
твц программа передач сегодня;программа передач
программа передач сегодня;программа передач
программа передач;программа передач
программа передач сегодня;программа передач
тнт программа передач;программа передач
программа передач сегодня;программа передач
матч тв программа передач;программа передач
канал россия программа передач сегодня;программа передач
программа передач сегодня русский роман;программа передач
программа передач сегодня стс;программа передач
мачт тв программа передач;программа передач
программа передач россия;программа передач
канал живи программа передач сегодня;программа передач
программа передач сегодня;программа передач
бст программа передач сегодня;программа передач
программа передач москве марта года;программа передач
программа передач сегодня;программа передач
программа передач иркутск;программа передач
телеканал звезда программа передач сегодня неделю;программа передач
программа передач сегодня;программа передач
программа передач сегодня;программа передач
тв домашний программа передач сегодня;программа передач
программа передач;программа передач
программа передач сегодня екатеринбург каналы;программа передач
телеканал звезда программа передач сегодня;программа передач
программа передач сегодня;программа передач
программа передач сегодня;программа передач
программа передач сегодня стс;программа передач
программа передач канал карусель сегодня;программа передач
канал программа передач сегодня;программа передач
программа передач сегодня новосибирск;программа передач
программа передач сегодня;программа передач
программа передач сегодня новокузнецк;программа передач
программа передач;программа передач
программа передач сегодня;программа передач
программа передач домашний;программа передач
программа передач сегодня;программа передач
программа передач сегодня каналы москва сегодня весь день;программа передач
программа передач сегодня;программа передач
программа передач омск стс;программа передач
программа передач;программа передач
программа передач екатеринбург;программа передач
программа передач;программа передач
программа передач месяц февраль;программа передач
программа передач;программа передач
программа передач неделю канал домашний;программа передач
программа передач стс сегодня;программа передач
программа передач сегодня;программа передач
программа передач;программа передач
программа передач завтра;программа передач
программа передач дом кино;программа передач
программа передач сегодня;программа передач
программа передач сегодня;программа передач
программа передач сегодня;программа передач
программа передач сегодня каналы;программа передач
программа передач сегодня;программа передач
матч тв завтра программа передач;программа передач
программа передач сегодня;программа передач
дискавери сайнс программа передач сегодня;программа передач
программа передач сегодня;программа передач
второй канал онлайн прямой эфир россия программа передач сегодня;программа передач
программа передач россии сегодня;программа передач
программа передач сегодня каналы санкт - петербурга;программа передач
программа передач карусель сегодня;программа передач
программа передач карусель;программа передач
программа передач сегодня;программа передач
программа передач сегодня дом кино санкт - петербург;программа передач
программа передач сегодня;программа передач
программа передач сегодня;программа передач
программа передач сегодня;программа передач
программа передач;программа передач
телеканал звезда программа передач сегодня;программа передач
программа передач;программа передач
программа передач твц сегодня;программа передач
программа передач сегодня;программа передач
программа передач сегодня каналы;программа передач
канал спас программа передач сегодня неделю канале;программа передач
программа передач сегодня;программа передач
программа передач сегодня омск;программа передач
программа передач сегодня;программа передач
программа передач сегодня;программа передач
программа передач сегодня;программа передач
программа передач;программа передач
телеканал пятница программа передач сегодня екатеринбург;программа передач
программа передач скиф орша сегодня;программа передач
программа передач русский бестселлер;программа передач
программа передач сегодня;программа передач
программа передач;программа передач
программа передач тв3;программа передач
программа передач сегодня;программа передач
программа передач каналы марта года;программа передач
программа передач сегодня;программа передач
программа передач сегодня каналы;программа передач
родное кино программа передач сегодня неделю канале;программа передач
канал матч программа передач;программа передач
программа передач сегодня;программа передач
программа передач сегодня;программа передач
программа передач дом кино сегодня спб;программа передач
программа передач сегодня омск;программа передач
программа передач завтра;программа передач
программа передач;программа передач
программа передач матч тв новокузнецк;программа передач
ртр планета программа передач европы;программа передач
программа передач сегодня каналы сочи;программа передач
стс программа передач екатеринбург;программа передач
программа передач сегодня;программа передач
программа передач россия сегодня;программа передач
программа передач сегодня каналы;программа передач
программа передач сегодня;программа передач
программа передач сегодня;программа передач
программа передач сегодня;программа передач
россия программа передач сегодня;программа передач
программа передач сегодня каналы крыму ани;программа передач
программа передач;программа передач
программа передач сегодня каналы;программа передач
программа передач канала матч арена неделю;программа передач
программа передач сегодня карусель уфа;программа передач
программа передач сегодня;программа передач
программа передач сегодня стс;программа передач
телеканал спас программа передач сегодня;программа передач
программа передач;программа передач
программа передач сегодня;программа передач
программа передач сегодня наш детектив;программа передач
матч тв программа передач;программа передач
программа передач сегодня;программа передач
программа передач;программа передач
канал россия программа передач сегодня;программа передач
программа передач;программа передач
программа передач сегодня;программа передач
канал программа передач сегодня;программа передач
телеканал россия беларусь программа передач;программа передач
программа передач сегодня челябинск;программа передач
программа передач сегодня;программа передач
мир тв программа передач сегодня какие серии оса показывали сегодня тв мир;программа передач
программа передач;программа передач
программа передач сегодня;программа передач
программа передач;программа передач
программа передач;программа передач
программа передач сегодня;программа передач
программа передач;программа передач
ств беларусь программа передач сегодня;программа передач
программа передач тнт сегодня;программа передач
программа передач сегодня каналы;программа передач
программа передач;программа передач
программа передач сегодня;программа передач
программа передач сегодня каналы;программа передач
программа передач сегодня каналы;программа передач
матч планета программа передач;программа передач
программа передач сегодня;программа передач
программа передач сегодня;программа передач
программа передач канал мульт;программа передач
программа передач сегодня;программа передач
канал время программа передач сегодня;программа передач
бст программа передач сегодня;программа передач
остросюжетное программа передач сегодня;программа передач
программа передач россия сегодня;программа передач
первый канал программа передач сегодня новосибирске;программа передач
программа передач сегодня;программа передач
программа передача сегодня;программа передач
программа передач сегодня;программа передач
матч игра программа передач;программа передач
программа передач завтра;программа передач
программа передач амурская обл;программа передач
программа передач сегодня каналы;программа передач
программа передач сегодня каналы;программа передач
программа передач нло тв сегодня;программа передач
программа передач;программа передач
программа передач сегодня каналы санкт - петербурга;программа передач
программа передач сегодня;программа передач
кинопремьера программа передач;программа передач
программа передач тнт;программа передач
программа передач;программа передач
программа передач сегодня;программа передач
программа передач канала тв русское кино сегодня неделю;программа передач
программа передач сегодня;программа передач
программа передач сегодня кинохит;программа передач
программа передач дом кино сегодня;программа передач
программа передач;программа передач
программа передач россия;программа передач
программа передач сегодня;программа передач
программа передач сегодня русский роман;программа передач
программа передач красная линия сегодня завтра;программа передач
программа передач;программа передач
программа передач;программа передач
программа передач завтра твц;программа передач
программа передач;программа передач
программа передач сегодня канал сегодня;программа передач
матч тв программа передач;программа передач
программа передач;программа передач
программа передач;программа передач
программа передач сегодня;программа передач
программа передач сегодня;программа передач
программа передач сегодня;программа передач
программа передач сегодня;программа передач
программа передач нтн сегодня россия;программа передач
программа передач сегодня кино тв;программа передач
программа передач сегодня;программа передач
программа передач;программа передач
программа передач;программа передач
матч тв программа передач;программа передач
программа передач кабельного телевидения минске;программа передач
программа передач сегодня;программа передач
программа передач сегодня;программа передач
программа передач сегодня;программа передач
программа передач казспорт;программа передач
рен тв программа передач;программа передач
крым программа передач сегодня;программа передач
программа передач сегодня каналы санкт - петербурга;программа передач
программа передач сегодня канал;программа передач
программа передач сегодня;программа передач
файн ливинг программа передач;программа передач
программа передач сегодня;программа передач
программа передач сегодня;программа передач
канал время программа передач сегодня;программа передач
программа передач;программа передач
программа передач сегодня;программа передач
программа передач сегодня;программа передач
программа передач сегодня нтв;программа передач
программа передач матч тв;программа передач
программа передач прошлую неделю каналы;программа передач
программа передач;программа передач
рен тв программа передач;программа передач
программа передач сегодня;программа передач
канал детский мир программа передач сегодня;программа передач
программа передач сегодня;программа передач
программа передач сегодня пятница;программа передач
домашний программа передач неделю;программа передач
программа передач сегодня каналы;программа передач
беларусь программа передач;программа передач
программа передач сегодня;программа передач
программа передач ярославль каналы;программа передач
канал программа передач сегодня пропала девочка сочи;программа передач
программа передач сегодня;программа передач
программа передач;программа передач
программа передач сегодня;программа передач
программа передач телеканала ю;программа передач
программа передач;программа передач
программа передач сегодня;программа передач
сетанта спорт программа передач;программа передач
программа передач сегодня;программа передач
программа передач сегодня тв русское кино;программа передач
программа передач дом;программа передач
программа передач;программа передач
программа передач;программа передач
телеканал настоящее время программа передач;программа передач
программа передач сегодня русский роман бестселлер;программа передач
программа передач сегодня канал;программа передач
программа передач сегодня канал ю;программа передач
программа передач;программа передач
программа передач сегодня каналы;программа передач
программа передач сегодня россия;программа передач
программа передач сегодня;программа передач
программа передач;программа передач
программа передач сегодня;программа передач
нтв мир программа передач;программа передач
программа передач сегодня;программа передач
программа передач сегодня;программа передач
программа передач;программа передач
программа передач кино тв;программа передач
тлс программа передач;программа передач
программа передач;программа передач
дом кино программа передач;программа передач
че программа передач;программа передач
программа передач;программа передач
программа передач сегодня;программа передач
программа передач стс;программа передач
программа передач сегодня;программа передач
программа передач;программа передач
программа передач;программа передач
программа передач сегодня;программа передач
программа передач сегодня дом кино;программа передач
программа передач сегодня;программа передач
программа передач сегодня канал сегодня;программа передач
тв программа передач;программа передач
программа передач сегодня русский роман;программа передач
культура программа передач сегодня;программа передач
программа передач сегодня;программа передач
программа передач сегодня;программа передач
программа передач сегодня;программа передач
программа передач сегодня;программа передач
стс программа передач сегодня;программа передач
программа передач сегодня;программа передач
программа передач;программа передач
программа передач сегодня;программа передач
программа передач;программа передач
программа передач сегодня;программа передач
программа передач;программа передач
беларусь программа передач;программа передач
отр программа передач сегодня новосибирск;программа передач
программа передач сегодня;программа передач
программа передач;программа передач
программа передач домашний;программа передач
красная линия программа передач сегодня;программа передач
программа передач сегодня каналы;программа передач
программа передач сегодня;программа передач
программа передач сегодня;программа передач
программа передач марта марта;программа передач
программа передач сегодня канал сегодня;программа передач
тнв программа передач сегодня;программа передач
программа передач канала сегодня екатеринбург;программа передач
матч тв программа передач;программа передач
программа передач марта;программа передач
программа передач сегодня;программа передач
программа передач сегодня;программа передач
программа передач матч тв сегодня;программа передач
программа передач;программа передач
радио звезда программа передач сегодня;программа передач
россия программа передач сегодня;программа передач
русский роман программа передач сегодня неделю канале;программа передач
программа передач сегодня;программа передач
программа передач;программа передач
программа передач;программа передач
евроспорт программа передач сегодня неделю канале;программа передач
матч инаш спортэа программа передач;программа передач
программа передач сегодня;программа передач
программа передач сегодня;программа передач
программа передач сегодня;программа передач
программа передач;программа передач
программа передач сегодня;программа передач
программа передач радио кп;программа передач
программа передач сегодня беларуси космос тв;программа передач
программа передач вчера каналы;программа передач
программа передач;программа передач
программа передач;программа передач
программа передач;программа передач
матч тв программа передач;программа передач
программа передач сегодня русское кино;программа передач
программа передач сегодня тв актион;программа передач
кинопоказ программа передач сегодня;программа передач
программа передач сегодня;программа передач
программа передач;программа передач
программа передач сегодня;программа передач
программа передач домашний;программа передач
программа передач сегодня;программа передач
программа передач сегодня каналы;программа передач
программа передач ртр следующую неделю;программа передач
программа передач;программа передач
программа передач сегодня;программа передач
программа передач канал городской брянск;программа передач
программа передач рен тв сегодня;программа передач
программа передач;программа передач
первый канал онлайн программа передач сегодня;программа передач
программа передач сегодня;программа передач
программа передач марта россия;программа передач
программа передач;программа передач
мужское кино программа передач;программа передач
программа передач тв экшен;программа передач
ретро тв программа передач сегодня спб;программа передач
канал программа передач марта;программа передач
программа передач россия;программа передач
канал tlc программа передач;программа передач
программа передач;программа передач
карусель программа передач;программа передач
программа передач первый канал марта;программа передач
